source_file	seq	headword	reason
0251-0500.md	0265	成員	duplicate_lost
0251-0500.md	0266	沈着	duplicate_lost
0251-0500.md	0267	減華	duplicate_lost
0251-0500.md	0282	返鈍	duplicate_lost
0251-0500.md	0283	司。｜、他ｲ	duplicate_lost
0251-0500.md	0289	充沫	duplicate_lost
0251-0500.md	0292	重畳	duplicate_lost
0251-0500.md	0293	重	duplicate_lost
0251-0500.md	0294	崇拝	duplicate_lost
0251-0500.md	0298	柚室	duplicate_lost
0251-0500.md	0300	等各	duplicate_lost
0251-0500.md	0301	時曙	duplicate_lost
0251-0500.md	0320	侍羊	duplicate_lost
0251-0500.md	0321	侍授	duplicate_lost
0251-0500.md	0323	鳴完	duplicate_lost
0251-0500.md	0325	床羊	duplicate_lost
0251-0500.md	0326	卜虻分姶我的教刃	duplicate_lost
0251-0500.md	0327	処境	duplicate_lost
0251-0500.md	0329	創作	duplicate_lost
0251-0500.md	0338	患善	duplicate_lost
0251-0500.md	0376	答辞	duplicate_lost
0251-0500.md	0381	誕辰	duplicate_lost
0251-0500.md	0382	誕生	duplicate_lost
0251-0500.md	0392	当各之急	duplicate_lost
0251-0500.md	0394	当逸	duplicate_lost
0251-0500.md	0397	手弾	duplicate_lost
0251-0500.md	0398	手航	duplicate_lost
0251-0500.md	0405	得不儂失	duplicate_lost
0251-0500.md	0409	灯蒐	duplicate_lost
0251-0500.md	0515	額外	duplicate_lost
0251-0500.md	0516	悪心	duplicate_lost
0251-0500.md	0517	悪化	duplicate_lost
0251-0500.md	0518	過制白	duplicate_lost
0251-0500.md	0519	恩怨邑	duplicate_lost
0251-0500.md	0520	而己	duplicate_lost
0251-0500.md	0521	耳坏	duplicate_lost
0251-0500.md	0544	反倒	duplicate_lost
0251-0500.md	0547	反抗	duplicate_lost
0251-0500.md	2500	制止	duplicate_lost
0501-0750.md	0514	堕落	duplicate_lost
0501-0750.md	0522	二氧化碳	duplicate_lost
0501-0750.md	0545	反动	duplicate_lost
0501-0750.md	0546	反感	duplicate_lost
0501-0750.md	0574	逢	duplicate_lost
0501-0750.md	0575	奉厭	duplicate_lost
0501-0750.md	0576	否決	duplicate_lost
0501-0750.md	0599	遠卜印刷是附属子我	duplicate_lost
0501-0750.md	0601	复興	duplicate_lost
0501-0750.md	0611	進雌	duplicate_lost
0501-0750.md	0616	崗位	duplicate_lost
0501-0750.md	0629	告诚	duplicate_lost
0501-0750.md	0638	隔離	duplicate_lost
0501-0750.md	0641	祇深帯固	duplicate_lost
0501-0750.md	0661	紅粁	duplicate_lost
0501-0750.md	0690	故郷	duplicate_lost
0501-0750.md	0691	竺璋空	duplicate_lost
0501-0750.md	0695	关懐	duplicate_lost
0501-0750.md	0714	名全面的任逸的笈展汁戈	duplicate_lost
0501-0750.md	0715	好有小规卸	duplicate_lost
0501-0750.md	0719	梶棒	duplicate_lost
0501-0750.md	0730	过子	duplicate_lost
0501-0750.md	0731	哈	duplicate_lost
0501-0750.md	0792	豪迈	duplicate_lost
0501-0750.md	0795	耗费	duplicate_lost
0501-0750.md	0798	合成	duplicate_lost
0751-1000.md	0779	海拔	duplicate_lost
0751-1000.md	0780	海滨	duplicate_lost
0751-1000.md	0781	含糊	duplicate_lost
0751-1000.md	0782	含义	duplicate_lost
0751-1000.md	0783	寒暄	duplicate_lost
0751-1000.md	0784	罕见	duplicate_lost
0751-1000.md	0785	捍卫	duplicate_lost
0751-1000.md	0786	行列	duplicate_lost
0751-1000.md	0787	航空	duplicate_lost
0751-1000.md	0788	航天	duplicate_lost
0751-1000.md	0789	航行	duplicate_lost
0751-1000.md	0790	毫米	duplicate_lost
0751-1000.md	0791	毫无	duplicate_lost
0751-1000.md	0793	号召	duplicate_lost
0751-1000.md	0794	好客	duplicate_lost
0751-1000.md	0797	合并	duplicate_lost
0751-1000.md	0901	激励	duplicate_lost
0751-1000.md	0909	即将	duplicate_lost
0751-1000.md	0926	总讳	duplicate_lost
0751-1000.md	0928	季军	duplicate_lost
0751-1000.md	0931	继往开来	duplicate_lost
0751-1000.md	0941	家户晓	duplicate_lost
0751-1000.md	0942	溅	duplicate_lost
0751-1000.md	0948	坚韧	duplicate_lost
0751-1000.md	0959	检验	duplicate_lost
0751-1000.md	0986	降临	duplicate_lost
0751-1000.md	0989	界限	duplicate_lost
0751-1000.md	1025	津津有味	duplicate_lost
1001-1250.md	0894	机械	duplicate_lost
1001-1250.md	0895	机遇	duplicate_lost
1001-1250.md	0896	机智	duplicate_lost
1001-1250.md	0900	激发	duplicate_lost
1001-1250.md	0906	极端	duplicate_lost
1001-1250.md	0911	急剧	duplicate_lost
1001-1250.md	0916	集团	duplicate_lost
1001-1250.md	0918	籍贯	duplicate_lost
1001-1250.md	0919	给予	duplicate_lost
1001-1250.md	0920	计较	duplicate_lost
1001-1250.md	0921	记性	duplicate_lost
1001-1250.md	0923	纪要	duplicate_lost
1001-1250.md	0930	继承	duplicate_lost
1001-1250.md	0935	加剧	duplicate_lost
1001-1250.md	0939	家伙	duplicate_lost
1001-1250.md	0940	家属	duplicate_lost
1001-1250.md	0942	假设	duplicate_lost
1001-1250.md	0945	尖锐	duplicate_lost
1001-1250.md	0946	坚定	duplicate_lost
1001-1250.md	0947	坚固	duplicate_lost
1001-1250.md	0949	坚实	duplicate_lost
1001-1250.md	0951	艰难	duplicate_lost
1001-1250.md	0952	监督	duplicate_lost
1001-1250.md	0953	监视	duplicate_lost
1001-1250.md	0954	监狱	duplicate_lost
1001-1250.md	0955	兼职	duplicate_lost
1001-1250.md	0961	简化	duplicate_lost
1001-1250.md	0962	简短	duplicate_lost
1001-1250.md	0963	简体字	duplicate_lost
1001-1250.md	0964	简要	duplicate_lost
1001-1250.md	0965	见多识广	duplicate_lost
1001-1250.md	0967	見聞	duplicate_lost
1001-1250.md	0968	见义勇为	duplicate_lost
1001-1250.md	0969	间谍	duplicate_lost
1001-1250.md	0970	间隔	duplicate_lost
1001-1250.md	0971	间接	duplicate_lost
1001-1250.md	0974	舰艇	duplicate_lost
1001-1250.md	0975	賎踏	duplicate_lost
1001-1250.md	0976	鉴别	duplicate_lost
1001-1250.md	0977	鉴定	duplicate_lost
1001-1250.md	0978	墓子	duplicate_lost
1001-1250.md	0979	将近	duplicate_lost
1001-1250.md	0980	将就	duplicate_lost
1001-1250.md	1001	阶层	duplicate_lost
1001-1250.md	1008	杰出	duplicate_lost
1001-1250.md	1023	央杂	duplicate_lost
1001-1250.md	1027	紧密	duplicate_lost
1001-1250.md	1028	紧迫	duplicate_lost
1001-1250.md	1029	锦上添花	duplicate_lost
1001-1250.md	1030	进而	duplicate_lost
1001-1250.md	1031	进攻	duplicate_lost
1001-1250.md	1032	进化	duplicate_lost
1001-1250.md	1062	奨励	duplicate_lost
1001-1250.md	1065	矫气	duplicate_lost
1001-1250.md	1069	锻納	duplicate_lost
1001-1250.md	1095	勁头	duplicate_lost
1001-1250.md	1145	穎粒	duplicate_lost
1001-1250.md	1177	雰切	duplicate_lost
1001-1250.md	1178	樂趣	duplicate_lost
1001-1250.md	1184	理所営然	duplicate_lost
1001-1250.md	1222	領袖	duplicate_lost
1001-1250.md	1223	留惩	duplicate_lost
1001-1250.md	1225	壷断	duplicate_lost
1001-1250.md	1227	楼	duplicate_lost
1001-1250.md	1228	塘娃	duplicate_lost
1001-1250.md	1230	掠奪	duplicate_lost
1001-1250.md	1231	輪船	duplicate_lost
1001-1250.md	1232	輪廓	duplicate_lost
1001-1250.md	1241	鳩蟻	duplicate_lost
1001-1250.md	1242	辺	duplicate_lost
1001-1250.md	1244	漫书	duplicate_lost
1001-1250.md	1246	冒険	duplicate_lost
1001-1250.md	1247	没轍	duplicate_lost
1001-1250.md	1248	媒赠	duplicate_lost
1001-1250.md	1279	落实	duplicate_lost
1001-1250.md	1292	漫长	duplicate_lost
1251-1500.md	1272	素	duplicate_lost
1251-1500.md	1276	迷惑	duplicate_lost
1251-1500.md	1305	命名ming//	duplicate_lost
1251-1500.md	1306	模索	duplicate_lost
1251-1500.md	1318	模様	duplicate_lost
1251-1500.md	1322	汰浴	duplicate_lost
1251-1500.md	1323	全手	duplicate_lost
1251-1500.md	1325	南猿北撤（南韩北辙)n6nyudn-	duplicate_lost
1251-1500.md	1329	唯能可责（难能可贵)ndnneng_	duplicate_lost
1251-1500.md	1330	惜火	duplicate_lost
1251-1500.md	1331	沙小	duplicate_lost
1251-1500.md	1347	欧洲	duplicate_lost
1251-1500.md	1348	殴打	duplicate_lost
1251-1500.md	1349	呕吐	duplicate_lost
1251-1500.md	1350	偶像	duplicate_lost
1251-1500.md	1404	屏障	duplicate_lost
1251-1500.md	1408	迫害	duplicate_lost
1251-1500.md	1409	破例pb//	duplicate_lost
1251-1500.md	1410	块力	duplicate_lost
1251-1500.md	1411	扑	duplicate_lost
1251-1500.md	1412	铺	duplicate_lost
1251-1500.md	1413	扑实	duplicate_lost
1251-1500.md	1414	扑素	duplicate_lost
1251-1500.md	1415	普及	duplicate_lost
1251-1500.md	1416	暴布	duplicate_lost
1251-1500.md	1417	凄凉qT	duplicate_lost
1251-1500.md	1418	期望	duplicate_lost
1251-1500.md	1419	期限	duplicate_lost
1251-1500.md	1420	欺负欺鸦芥全芥心坊力■■	duplicate_lost
1251-1500.md	1421	欺负	duplicate_lost
1251-1500.md	1422	欺'"	duplicate_lost
1251-1500.md	1424	芥心坊力（齐心协力)qixTn_	duplicate_lost
1251-1500.md	1426	岐视	duplicate_lost
1251-1500.md	1427	旗抱	duplicate_lost
1251-1500.md	1429	乞巧邑有此理企圏后程■■	duplicate_lost
1251-1500.md	1430	乞巧	duplicate_lost
1251-1500.md	1434	启事	duplicate_lost
1251-1500.md	1435	起草qY//	duplicate_lost
1251-1500.md	1438	起咲qY//	duplicate_lost
1251-1500.md	1439	起鸿	duplicate_lost
1251-1500.md	1444	气块	duplicate_lost
1251-1500.md	1447	気味	duplicate_lost
1251-1500.md	1448	〈名〉鼻子司到的味	duplicate_lost
1251-1500.md	1449	気象（気象)q'	duplicate_lost
1251-1500.md	1450	气坠	duplicate_lost
1251-1500.md	1455	格	duplicate_lost
1251-1500.md	1456	恰営	duplicate_lost
1251-1500.md	1457	恰到好虻（恰到好虎)qiddbo-	duplicate_lost
1251-1500.md	1459	洽淡千方百汁迂就迂徒■■	duplicate_lost
1251-1500.md	1460	洽淡（洽谈)qit,	duplicate_lost
1251-1500.md	1461	幸（牵)q'	duplicate_lost
1251-1500.md	1462	牵祉	duplicate_lost
1251-1500.md	1463	牵制（牵制)q'	duplicate_lost
1251-1500.md	1464	茶订	duplicate_lost
1251-1500.md	1465	苓署	duplicate_lost
1251-1500.md	1468	潜水（潜水)q'	duplicate_lost
1251-1500.md	1469	潜移獣化qidnyi-	duplicate_lost
1251-1500.md	1470	证责	duplicate_lost
1251-1500.md	1471	强制掩劫掩救彊迫■	duplicate_lost
1251-1500.md	1472	彊制	duplicate_lost
1251-1500.md	1473	枪劫	duplicate_lost
1251-1500.md	1474	枪救	duplicate_lost
1251-1500.md	1475	掻迫	duplicate_lost
1251-1500.md	1477	里门	duplicate_lost
1251-1500.md	1478	初实	duplicate_lost
1251-1500.md	1479	吃而不舎（键而不舍)qie'	duplicate_lost
1251-1500.md	1480	担韩	duplicate_lost
1251-1500.md	1480	钦侃	duplicate_lost
1251-1500.md	1485	侵喀	duplicate_lost
1251-1500.md	1486	勤芳（勤労)qin'	duplicate_lost
1251-1500.md	1487	勤倹	duplicate_lost
1251-1500.md	1489	経而易挙（轻而易奉)qTng'ery'	duplicate_lost
1251-1500.md	1490	倾聴	duplicate_lost
1251-1500.md	1491	倾向（倾向)qTngxit'	duplicate_lost
1251-1500.md	1493	清散	duplicate_lost
1251-1500.md	1495	排斥	duplicate_lost
1251-1500.md	1496	排除	duplicate_lost
1251-1500.md	1497	排放	duplicate_lost
1251-1500.md	1497	清噺	duplicate_lost
1251-1500.md	1498	排妹（排錬)pdi	duplicate_lost
1251-1500.md	1498	气功	duplicate_lost
1251-1500.md	1499	清醒情真情根情予■■	duplicate_lost
1251-1500.md	1506	判决	duplicate_lost
1251-1500.md	1508	畔	duplicate_lost
1251-1500.md	1509	鹿大	duplicate_lost
1251-1500.md	1510	拠弃	duplicate_lost
1251-1500.md	1511	泡沫	duplicate_lost
1251-1500.md	1512	培育	duplicate_lost
1251-1500.md	1523	批发	duplicate_lost
1251-1500.md	1524	批判	duplicate_lost
1251-1500.md	1525	疲念	duplicate_lost
1251-1500.md	1526	疲倦	duplicate_lost
1251-1500.md	1527	尸股	duplicate_lost
1251-1500.md	1528	誉如	duplicate_lost
1251-1500.md	1529	偏差	duplicate_lost
1251-1500.md	1530	偏见	duplicate_lost
1251-1500.md	1531	偏僻	duplicate_lost
1251-1500.md	1532	偏偏	duplicate_lost
1251-1500.md	1533	片断	duplicate_lost
1251-1500.md	1539	耕命pTn//	duplicate_lost
1251-1500.md	1540	亲热	duplicate_lost
1251-1500.md	1540	贫乏	duplicate_lost
1251-1500.md	1541	亲身	duplicate_lost
1251-1500.md	1541	贫困	duplicate_lost
1251-1500.md	1542	侵犯	duplicate_lost
1251-1500.md	1542	频繁	duplicate_lost
1251-1500.md	1543	品尝	duplicate_lost
1251-1500.md	1544	品行	duplicate_lost
1251-1500.md	1545	品届（品质)p'	duplicate_lost
1251-1500.md	1546	品种	duplicate_lost
1251-1500.md	1551	平庸	duplicate_lost
1251-1500.md	1554	评佑	duplicate_lost
1251-1500.md	1555	评论	duplicate_lost
1251-1500.md	1558	清醒	duplicate_lost
1251-1500.md	1558	溌	duplicate_lost
1251-1500.md	1559	颇	duplicate_lost
1251-1500.md	1560	情报	duplicate_lost
1251-1500.md	1560	迫不及待	duplicate_lost
1251-1500.md	1562	屏幕	duplicate_lost
1501-1750.md	1226	达舗	duplicate_lost
1501-1750.md	1245	零星	duplicate_lost
1501-1750.md	1266	屡次	duplicate_lost
1501-1750.md	1497	气概	duplicate_lost
1501-1750.md	1498	气功	duplicate_lost
1501-1750.md	1500	气色	duplicate_lost
1501-1750.md	1501	气势	duplicate_lost
1501-1750.md	1503	气象	duplicate_lost
1501-1750.md	1504	气压	duplicate_lost
1501-1750.md	1506	迄今为止	duplicate_lost
1501-1750.md	1508	器官	duplicate_lost
1501-1750.md	1509	掐	duplicate_lost
1501-1750.md	1511	恰到好处	duplicate_lost
1501-1750.md	1512	恰巧	duplicate_lost
1501-1750.md	1513	洽谈	duplicate_lost
1501-1750.md	1518	牵扯	duplicate_lost
1501-1750.md	1519	牵制	duplicate_lost
1501-1750.md	1523	前景	duplicate_lost
1501-1750.md	1524	体	duplicate_lost
1501-1750.md	1524	前提	duplicate_lost
1501-1750.md	1529	强制	duplicate_lost
1501-1750.md	1533	桥梁	duplicate_lost
1501-1750.md	1536	切实	duplicate_lost
1501-1750.md	1537	锲而不舍	duplicate_lost
1501-1750.md	1539	亲密	duplicate_lost
1501-1750.md	1539	里门	duplicate_lost
1501-1750.md	1540	亲热	duplicate_lost
1501-1750.md	1541	亲身	duplicate_lost
1501-1750.md	1542	侵犯	duplicate_lost
1501-1750.md	1543	侵喀	duplicate_lost
1501-1750.md	1545	勤俭	duplicate_lost
1501-1750.md	1546	勤恳	duplicate_lost
1501-1750.md	1551	倾斜	duplicate_lost
1501-1750.md	1554	清除	duplicate_lost
1501-1750.md	1555	倾聴	duplicate_lost
1501-1750.md	1555	清洁	duplicate_lost
1501-1750.md	1558	清醒	duplicate_lost
1501-1750.md	1562	情理	duplicate_lost
1501-1750.md	1563	9	duplicate_lost
1501-1750.md	1566	请教	duplicate_lost
1501-1750.md	1567	请示	duplicate_lost
1501-1750.md	1568	请帖	duplicate_lost
1501-1750.md	1570	区分	duplicate_lost
1501-1750.md	1571	区域	duplicate_lost
1501-1750.md	1572	我	duplicate_lost
1501-1750.md	1572	曲折	duplicate_lost
1501-1750.md	1574	劫	duplicate_lost
1501-1750.md	1589	凉解	duplicate_lost
1501-1750.md	1590	辽阔	duplicate_lost
1501-1750.md	1591	列举	duplicate_lost
1501-1750.md	1592	11台床	duplicate_lost
1501-1750.md	1593	吝啬	duplicate_lost
1501-1750.md	1613	茎断	duplicate_lost
1501-1750.md	1614	搜军	duplicate_lost
1501-1750.md	1615	炉吐	duplicate_lost
1501-1750.md	1624	迭小汁戈	duplicate_lost
1501-1750.md	1625	我覚得他的玲延迩	duplicate_lost
1501-1750.md	1646	漫画	duplicate_lost
1501-1750.md	1647	忙球	duplicate_lost
1501-1750.md	1648	盲目	duplicate_lost
1501-1750.md	1649	丛然	duplicate_lost
1501-1750.md	1650	茂盛	duplicate_lost
1501-1750.md	1651	冒充	duplicate_lost
1501-1750.md	1652	冒险	duplicate_lost
1501-1750.md	1653	没辙	duplicate_lost
1501-1750.md	1654	枚	duplicate_lost
1501-1750.md	1655	媒介	duplicate_lost
1501-1750.md	1658	美满	duplicate_lost
1501-1750.md	1659	美妙	duplicate_lost
1501-1750.md	1666	迷人	duplicate_lost
1501-1750.md	1667	迷失	duplicate_lost
1501-1750.md	1668	迷信	duplicate_lost
1501-1750.md	1670	密度	duplicate_lost
1501-1750.md	1671	密封	duplicate_lost
1501-1750.md	1672	棉花	duplicate_lost
1501-1750.md	1674	免疫	duplicate_lost
1501-1750.md	1677	面子	duplicate_lost
1501-1750.md	1678	描绘	duplicate_lost
1501-1750.md	1679	瞄准	duplicate_lost
1501-1750.md	1680	渺小	duplicate_lost
1501-1750.md	1681	藐视	duplicate_lost
1501-1750.md	1682	灭亡	duplicate_lost
1501-1750.md	1683	国家就面	duplicate_lost
1501-1750.md	1684	蔑视	duplicate_lost
1501-1750.md	1685	民间	duplicate_lost
1501-1750.md	1686	民用	duplicate_lost
1501-1750.md	1687	民用	duplicate_lost
1501-1750.md	1688	<形〉人民群企在生活中所使用的	duplicate_lost
1501-1750.md	1689	民主	duplicate_lost
1501-1750.md	1690	要充分友栃民主	duplicate_lost
1501-1750.md	1693	蚤然他	duplicate_lost
1501-1750.md	1696	名额	duplicate_lost
1501-1750.md	1699	＜副＞表示礁実如此，晩実是迭祥	duplicate_lost
1501-1750.md	1719	沐浴	duplicate_lost
1501-1750.md	1720	纳闷见	duplicate_lost
1501-1750.md	1721	南辕北辙	duplicate_lost
1501-1750.md	1723	难灌	duplicate_lost
1501-1750.md	1724	难免	duplicate_lost
1501-1750.md	1725	难能可贵	duplicate_lost
1501-1750.md	1726	8	duplicate_lost
1501-1750.md	1727	内涵	duplicate_lost
1501-1750.md	1728	内幕	duplicate_lost
1501-1750.md	1729	内在	duplicate_lost
1501-1750.md	1730	能量	duplicate_lost
1501-1750.md	1731	9gng	duplicate_lost
1501-1750.md	1732	拟定	duplicate_lost
1501-1750.md	1733	逆行	duplicate_lost
1501-1750.md	1735	凝固	duplicate_lost
1501-1750.md	1736	凝视	duplicate_lost
1501-1750.md	1737	棒	duplicate_lost
1501-1750.md	1738	宁肯	duplicate_lost
1501-1750.md	1739	宁愿	duplicate_lost
1501-1750.md	1740	担干	duplicate_lost
1501-1750.md	1741	钲ｵﾛﾙ	duplicate_lost
1501-1750.md	1742	农暦	duplicate_lost
1501-1750.md	1743	浓厚	duplicate_lost
1501-1750.md	1745	虐待	duplicate_lost
1501-1750.md	1746	[O』	duplicate_lost
1501-1750.md	1747	蛾	duplicate_lost
1501-1750.md	1748	欧洲	duplicate_lost
1501-1750.md	1749	殴打	duplicate_lost
1501-1750.md	1750	呕吐	duplicate_lost
1751-2000.md	1480	奇妙	duplicate_lost
1751-2000.md	1495	起义	duplicate_lost
1751-2000.md	1496	起源	duplicate_lost
1751-2000.md	1497	气概	duplicate_lost
1751-2000.md	1499	气魄	duplicate_lost
1751-2000.md	1502	气味	duplicate_lost
1751-2000.md	1505	气质	duplicate_lost
1751-2000.md	1506	迄今为止	duplicate_lost
1751-2000.md	1507	器材	duplicate_lost
1751-2000.md	1508	器官	duplicate_lost
1751-2000.md	1510	恰当	duplicate_lost
1751-2000.md	1512	恰巧	duplicate_lost
1751-2000.md	1514	千方百计	duplicate_lost
1751-2000.md	1515	迁就	duplicate_lost
1751-2000.md	1517	牵	duplicate_lost
1751-2000.md	1520	谦逊	duplicate_lost
1751-2000.md	1521	签订	duplicate_lost
1751-2000.md	1522	签署	duplicate_lost
1751-2000.md	1523	前景	duplicate_lost
1751-2000.md	1524	前提	duplicate_lost
1751-2000.md	1525	潜力	duplicate_lost
1751-2000.md	1526	潜水	duplicate_lost
1751-2000.md	1530	抢劫	duplicate_lost
1751-2000.md	1531	抢救	duplicate_lost
1751-2000.md	1532	强迫	duplicate_lost
1751-2000.md	1533	桥梁	duplicate_lost
1751-2000.md	1539	亲密	duplicate_lost
1751-2000.md	1544	勤劳	duplicate_lost
1751-2000.md	1546	勤悬	duplicate_lost
1751-2000.md	1547	轻而易举	duplicate_lost
1751-2000.md	1550	倾向	duplicate_lost
1751-2000.md	1551	倾斜	duplicate_lost
1751-2000.md	1554	清除	duplicate_lost
1751-2000.md	1555	清洁	duplicate_lost
1751-2000.md	1557	清晰	duplicate_lost
1751-2000.md	1559	清真	duplicate_lost
1751-2000.md	1560	情报	duplicate_lost
1751-2000.md	1561	情节	duplicate_lost
1751-2000.md	1562	情理	duplicate_lost
1751-2000.md	1564	晴朗	duplicate_lost
1751-2000.md	1806	平庸	duplicate_lost
1751-2000.md	1824	的音乐我从来没有听过	duplicate_lost
1751-2000.md	1834	启事	duplicate_lost
1751-2000.md	1836	起草文件	duplicate_lost
1751-2000.md	1840	他演讲的时候	duplicate_lost
1751-2000.md	1855	③他房间里放着很多照相器材。	duplicate_lost
1751-2000.md	1869	①教授虽然很有学问，但非常谦逊。	duplicate_lost
1751-2000.md	1875	律知识	duplicate_lost
1751-2000.md	1878	期望	duplicate_lost
1751-2000.md	1893	③火车要通过三座这样的桥梁。	duplicate_lost
1751-2000.md	1895	翘	duplicate_lost
1751-2000.md	1896	切实铁而不舍钦佩亲密	duplicate_lost
1751-2000.md	1923	①这篇小说的情节很复杂。|②这个故事情节生动，很吸引人。	duplicate_lost
1751-2000.md	1955	公司确立了新的发展战略	duplicate_lost
1751-2000.md	1957	我不知道比赛的确切日期	duplicate_lost
1751-2000.md	1960	①领导要密切联系群众。	duplicate_lost
1751-2000.md	1967	热门	duplicate_lost
1751-2000.md	1982	大家一致认可这个方案	duplicate_lost
1751-2000.md	1991	①能参加这个活动，我很荣幸。②见到您，我感到十分荣幸。	duplicate_lost
1751-2000.md	1995	容器	duplicate_lost
1751-2000.md	1996	容忍	duplicate_lost
1751-2000.md	1997	溶解	duplicate_lost
2001-2250.md	1719	石油	duplicate_lost
2001-2250.md	1721	时常	duplicate_lost
2001-2250.md	1723	时光	duplicate_lost
2001-2250.md	1726	时装	duplicate_lost
2001-2250.md	1763	收音机	duplicate_lost
2001-2250.md	1772	书法	duplicate_lost
2001-2250.md	1779	数	duplicate_lost
2001-2250.md	1782	树立	duplicate_lost
2001-2250.md	1783	树	duplicate_lost
2001-2250.md	1796	瞬间	duplicate_lost
2001-2250.md	1802	思维	duplicate_lost
2001-2250.md	1814	俗话	duplicate_lost
2001-2250.md	1823	随手	duplicate_lost
2001-2250.md	1831	踏实	duplicate_lost
2001-2250.md	1882	条款	duplicate_lost
2001-2250.md	1905	铜	duplicate_lost
2001-2250.md	1907	統壽兼顾	duplicate_lost
2001-2250.md	1908	統计	duplicate_lost
2001-2250.md	1909	銃統	duplicate_lost
2001-2250.md	1910	銃治	duplicate_lost
2001-2250.md	1913	投诉	duplicate_lost
2001-2250.md	1942	瓦解	duplicate_lost
2001-2250.md	1988	慰问	duplicate_lost
2001-2250.md	1996	问世	duplicate_lost
2001-2250.md	2013	梢	duplicate_lost
2001-2250.md	2023	务实	duplicate_lost
2001-2250.md	2024	物美償廉	duplicate_lost
2001-2250.md	2025	物業	duplicate_lost
2001-2250.md	2044	峡谷	duplicate_lost
2001-2250.md	2046	狭窄	duplicate_lost
2001-2250.md	2062	現場	duplicate_lost
2001-2250.md	2064	現状	duplicate_lost
2001-2250.md	2065	袋索	duplicate_lost
2001-2250.md	2066	宪法	duplicate_lost
2001-2250.md	2082	算术	duplicate_lost
2001-2250.md	2083	随便	duplicate_lost
2001-2250.md	2084	虽	duplicate_lost
2001-2250.md	2093	津窯忌悼	duplicate_lost
2001-2250.md	2094	蜂	duplicate_lost
2001-2250.md	2156	投榔	duplicate_lost
2001-2250.md	2157	圖案	duplicate_lost
2001-2250.md	2158	途經	duplicate_lost
2001-2250.md	2159	塗抹	duplicate_lost
2001-2250.md	2160	团結	duplicate_lost
2001-2250.md	2161	团篭	duplicate_lost
2001-2250.md	2162	团圓	duplicate_lost
2001-2250.md	2163	推測	duplicate_lost
2001-2250.md	2164	推論	duplicate_lost
2001-2250.md	2165	椎錯	duplicate_lost
2001-2250.md	2166	托运	duplicate_lost
2001-2250.md	2168	妥常	duplicate_lost
2001-2250.md	2169	妥协	duplicate_lost
2001-2250.md	2170	楯圓	duplicate_lost
2001-2250.md	2171	唾棄	duplicate_lost
2001-2250.md	2173	完備	duplicate_lost
2001-2250.md	2174	完畢	duplicate_lost
2001-2250.md	2175	頑固	duplicate_lost
2001-2250.md	2176	頑掻	duplicate_lost
2001-2250.md	2178	网終	duplicate_lost
2001-2250.md	2181	微観	duplicate_lost
2001-2250.md	2182	為难	duplicate_lost
2001-2250.md	2183	為期	duplicate_lost
2001-2250.md	2184	為首	duplicate_lost
2001-2250.md	2185	違背	duplicate_lost
2001-2250.md	2186	維持	duplicate_lost
2001-2250.md	2187	維護	duplicate_lost
2001-2250.md	2188	維修	duplicate_lost
2001-2250.md	2189	偽造	duplicate_lost
2001-2250.md	2190	委員	duplicate_lost
2001-2250.md	2191	衛星	duplicate_lost
2001-2250.md	2192	蔚蓝	duplicate_lost
2001-2250.md	2194	温帯	duplicate_lost
2001-2250.md	2195	丈想	duplicate_lost
2001-2250.md	2196	丈厌	duplicate_lost
2001-2250.md	2197	丈艺	duplicate_lost
2001-2250.md	2199	富	duplicate_lost
2001-2250.md	2200	烏黒	duplicate_lost
2001-2250.md	2201	証陪	duplicate_lost
2001-2250.md	2202	典比	duplicate_lost
2001-2250.md	2203	無償	duplicate_lost
2001-2250.md	2204	典恥	duplicate_lost
2001-2250.md	2205	異從	duplicate_lost
2001-2250.md	2206	無動子衷	duplicate_lost
2001-2250.md	2207	無幸	duplicate_lost
2001-2250.md	2208	典非	duplicate_lost
2001-2250.md	2209	窯精打采	duplicate_lost
2001-2250.md	2210	窯可奉告	duplicate_lost
2001-2250.md	2211	窯頼	duplicate_lost
2001-2250.md	2212	典理奴	duplicate_lost
2001-2250.md	2213	無能為力	duplicate_lost
2001-2250.md	2214	典微不至	duplicate_lost
2001-2250.md	2215	典忧窯虑	duplicate_lost
2001-2250.md	2216	窯知	duplicate_lost
2001-2250.md	2218	务姓	duplicate_lost
2001-2250.md	2223	誤差	duplicate_lost
2001-2250.md	2224	誤解	duplicate_lost
2001-2250.md	2226	犠牲	duplicate_lost
2001-2250.md	2227	焔滅	duplicate_lost
2001-2250.md	2229	襲挙	duplicate_lost
2001-2250.md	2230	总婦	duplicate_lost
2001-2250.md	2231	細胞	duplicate_lost
2001-2250.md	2232	紬菌	duplicate_lost
2001-2250.md	2233	細鐡	duplicate_lost
2001-2250.md	2237	下马	duplicate_lost
2001-2250.md	2238	夏今誉	duplicate_lost
2001-2250.md	2240	鐡維	duplicate_lost
2001-2250.md	2241	鮮明	duplicate_lost
2001-2250.md	2242	閑话	duplicate_lost
2001-2250.md	2243	賢	duplicate_lost
2001-2250.md	2244	街接	duplicate_lost
2251-2500.md	1829	索性	duplicate_lost
2251-2500.md	1845	探讨	duplicate_lost
2251-2500.md	1853	淘气	duplicate_lost
2251-2500.md	1857	特长	duplicate_lost
2251-2500.md	1865	题材	duplicate_lost
2251-2500.md	1874	天然气	duplicate_lost
2251-2500.md	1878	田径	duplicate_lost
2251-2500.md	1879	田野	duplicate_lost
2251-2500.md	1883	条理	duplicate_lost
2251-2500.md	1896	停滞	duplicate_lost
2251-2500.md	1904	同志	duplicate_lost
2251-2500.md	1906	童话	duplicate_lost
2251-2500.md	1908	统计	duplicate_lost
2251-2500.md	1911	投机	duplicate_lost
2251-2500.md	1935	脱离	duplicate_lost
2251-2500.md	1948	外向	duplicate_lost
2251-2500.md	1964	危机	duplicate_lost
2251-2500.md	1965	威风	duplicate_lost
2251-2500.md	1966	威力	duplicate_lost
2251-2500.md	2017	武侠	duplicate_lost
2251-2500.md	2026	物资	duplicate_lost
2251-2500.md	2028	夕阳	duplicate_lost
2251-2500.md	2035	习俗	duplicate_lost
2251-2500.md	2050	先进	duplicate_lost
2251-2500.md	2333	投降	duplicate_lost
2251-2500.md	2334	投掷	duplicate_lost
2251-2500.md	2335	秃	duplicate_lost
2251-2500.md	2373	婉惜	duplicate_lost
2251-2500.md	2405	污蔑	duplicate_lost
2251-2500.md	2406	诬陷	duplicate_lost
2251-2500.md	2415	无赖	duplicate_lost
2251-2500.md	2433	误解	duplicate_lost
2501-2750.md	2291	隐私	duplicate_lost
2501-2750.md	2292	隐约	duplicate_lost
2501-2750.md	2293	印刷	duplicate_lost
2501-2750.md	2294	英明	duplicate_lost
2501-2750.md	2297	迎面	duplicate_lost
2501-2750.md	2303	庸俗	duplicate_lost
2501-2750.md	2304	永恒	duplicate_lost
2501-2750.md	2306	涌现	duplicate_lost
2501-2750.md	2308	用功	duplicate_lost
2501-2750.md	2311	优先	duplicate_lost
2501-2750.md	2317	油漆	duplicate_lost
2501-2750.md	2319	幼稚	duplicate_lost
2501-2750.md	2320	诱惑	duplicate_lost
2501-2750.md	2321	渔民	duplicate_lost
2501-2750.md	2322	愚蠢	duplicate_lost
2501-2750.md	2323	愚味	duplicate_lost
2501-2750.md	2326	予以	duplicate_lost
2501-2750.md	2327	宇宙	duplicate_lost
2501-2750.md	2330	预料	duplicate_lost
2501-2750.md	2331	预期	duplicate_lost
2501-2750.md	2333	预算	duplicate_lost
2501-2750.md	2336	预兆	duplicate_lost
2501-2750.md	2339	愈	duplicate_lost
2501-2750.md	2340	冤柱	duplicate_lost
2501-2750.md	2345	原告	duplicate_lost
2501-2750.md	2346	原理	duplicate_lost
2501-2750.md	2347	原始	duplicate_lost
2501-2750.md	2348	原先	duplicate_lost
2501-2750.md	2351	源泉	duplicate_lost
2501-2750.md	2352	约束	duplicate_lost
2501-2750.md	2355	孕育	duplicate_lost
2501-2750.md	2358	酿	duplicate_lost
2501-2750.md	2360	熨	duplicate_lost
2501-2750.md	2363	砸	duplicate_lost
2501-2750.md	2364	咋	duplicate_lost
2501-2750.md	2365	灾难	duplicate_lost
2501-2750.md	2366	栽培	duplicate_lost
2501-2750.md	2367	宰	duplicate_lost
2501-2750.md	2368	再接再厉	duplicate_lost
2501-2750.md	2369	在乎	duplicate_lost
2501-2750.md	2372	暂且	duplicate_lost
2501-2750.md	2374	赞同	duplicate_lost
2501-2750.md	2375	赞扬	duplicate_lost
2501-2750.md	2376	赞助	duplicate_lost
2501-2750.md	2377	遭受	duplicate_lost
2501-2750.md	2378	遭殃	duplicate_lost
2501-2750.md	2379	遭遇	duplicate_lost
2501-2750.md	2380	糟蹋	duplicate_lost
2501-2750.md	2381	造反	duplicate_lost
2501-2750.md	2382	造型	duplicate_lost
2501-2750.md	2383	噪音	duplicate_lost
2501-2750.md	2384	责怪	duplicate_lost
2501-2750.md	2385	贼	duplicate_lost
2501-2750.md	2386	增添	duplicate_lost
2501-2750.md	2387	赠送	duplicate_lost
2501-2750.md	2388	扎	duplicate_lost
2501-2750.md	2389	扎实	duplicate_lost
2501-2750.md	2390	渣	duplicate_lost
2501-2750.md	2391	诈骗	duplicate_lost
2501-2750.md	2393	债券	duplicate_lost
2501-2750.md	2394	沾光	duplicate_lost
2501-2750.md	2395	瞻仰	duplicate_lost
2501-2750.md	2396	斩钉截铁	duplicate_lost
2501-2750.md	2397	展示	duplicate_lost
2501-2750.md	2398	展望	duplicate_lost
2501-2750.md	2399	展现	duplicate_lost
2501-2750.md	2401	占据	duplicate_lost
2501-2750.md	2402	占领	duplicate_lost
2501-2750.md	2403	占有	duplicate_lost
2501-2750.md	2404	战斗	duplicate_lost
2501-2750.md	2405	战略	duplicate_lost
2501-2750.md	2512	宣扬	duplicate_lost
2501-2750.md	2629	翼	duplicate_lost
2751-3000.md	2405	战略	duplicate_lost
2751-3000.md	2409	长辈	duplicate_lost
2751-3000.md	2412	招标	duplicate_lost
2751-3000.md	2417	照料	duplicate_lost
2751-3000.md	2418	照样照檬	duplicate_lost
2751-3000.md	2419	照耀	duplicate_lost
2751-3000.md	2424	折磨	duplicate_lost
2751-3000.md	2425	侦探侦探zhé	duplicate_lost
2751-3000.md	2426	珍贵珍贵	duplicate_lost
2751-3000.md	2427	珍稀	duplicate_lost
2751-3000.md	2428	珍珠	duplicate_lost
2751-3000.md	2429	真理	duplicate_lost
2751-3000.md	2430	真相	duplicate_lost
2751-3000.md	2438	震撼	duplicate_lost
2751-3000.md	2451	挣扎	duplicate_lost
2751-3000.md	2452	蒸发蒸发	duplicate_lost
2751-3000.md	2453	整频整顿zhé	duplicate_lost
2751-3000.md	2454	正当正需	duplicate_lost
2751-3000.md	2455	正负正负	duplicate_lost
2751-3000.md	2456	正规正规	duplicate_lost
2751-3000.md	2457	正经正经	duplicate_lost
2751-3000.md	2458	正气正氟	duplicate_lost
2751-3000.md	2459	正义正载	duplicate_lost
2751-3000.md	2461	证实登寳	duplicate_lost
2751-3000.md	2462	证书登害	duplicate_lost
2751-3000.md	2463	郑重郏重	duplicate_lost
2751-3000.md	2465	政权政耀	duplicate_lost
2751-3000.md	2466	症状症状	duplicate_lost
2751-3000.md	2467	之际之际	duplicate_lost
2751-3000.md	2468	支撑zhiché	duplicate_lost
2751-3000.md	2469	支出	duplicate_lost
2751-3000.md	2471	支配	duplicate_lost
2751-3000.md	2472	支援	duplicate_lost
2751-3000.md	2477	脂肪	duplicate_lost
2751-3000.md	2478	执行执行	duplicate_lost
2751-3000.md	2479	执着执着	duplicate_lost
2751-3000.md	2480	直播	duplicate_lost
2751-3000.md	2481	直径直径	duplicate_lost
2751-3000.md	2482	值班zhi//	duplicate_lost
2751-3000.md	2483	职能联能	duplicate_lost
2751-3000.md	2484	职位戳位	duplicate_lost
2751-3000.md	2485	职务联务	duplicate_lost
2751-3000.md	2486	殖民地	duplicate_lost
2751-3000.md	2487	指标指操	duplicate_lost
2751-3000.md	2488	指定	duplicate_lost
2751-3000.md	2489	指甲	duplicate_lost
2751-3000.md	2490	指令	duplicate_lost
2751-3000.md	2492	指示	duplicate_lost
2751-3000.md	2493	指望	duplicate_lost
2751-3000.md	2494	指责指责	duplicate_lost
2751-3000.md	2495	志气志氟	duplicate_lost
2751-3000.md	2496	制裁	duplicate_lost
2751-3000.md	2497	制订制订	duplicate_lost
2751-3000.md	2498	制服	duplicate_lost
2751-3000.md	2499	制约制约	duplicate_lost
2751-3000.md	2500	制止	duplicate_lost
2751-3000.md	2501	治安zhi"	duplicate_lost
2751-3000.md	2502	治理	duplicate_lost
2751-3000.md	2503	致辞致辟zhlV/	duplicate_lost
2751-3000.md	2504	致力	duplicate_lost
2751-3000.md	2505	致使	duplicate_lost
2751-3000.md	2506	智力	duplicate_lost
2751-3000.md	2507	智能	duplicate_lost
2751-3000.md	2508	智商	duplicate_lost
2751-3000.md	2509	滞留滞留	duplicate_lost
2751-3000.md	2510	中断中断	duplicate_lost
2751-3000.md	2511	中立	duplicate_lost
2751-3000.md	2512	中夹	duplicate_lost
2751-3000.md	2513	忠诚忠诚	duplicate_lost
2751-3000.md	2514	忠实忠宝	duplicate_lost
2751-3000.md	2515	终点终点	duplicate_lost
2751-3000.md	2516	终究终究	duplicate_lost
2751-3000.md	2517	终年终年	duplicate_lost
2751-3000.md	2518	终身终身	duplicate_lost
2751-3000.md	2519	终止终止	duplicate_lost
2751-3000.md	2520	裹心	duplicate_lost
2751-3000.md	2521	肿瘤睡瘤	duplicate_lost
2751-3000.md	2522	种子种子	duplicate_lost
2751-3000.md	2523	种族种族	duplicate_lost
2751-3000.md	2524	众所周知聚所周知	duplicate_lost
2751-3000.md	2525	种植种植	duplicate_lost
2751-3000.md	2526	重心	duplicate_lost
2751-3000.md	2529	周密	duplicate_lost
2751-3000.md	2530	周年	duplicate_lost
2751-3000.md	2531	周期	duplicate_lost
2751-3000.md	2539	逐年	duplicate_lost
2751-3000.md	2540	主办主辨	duplicate_lost
2751-3000.md	2541	主导主等	duplicate_lost
2751-3000.md	2542	主管	duplicate_lost
2751-3000.md	2543	主流	duplicate_lost
2751-3000.md	2549	助理	duplicate_lost
2751-3000.md	2550	助手	duplicate_lost
2751-3000.md	2551	住宅	duplicate_lost
2751-3000.md	2552	注射	duplicate_lost
2751-3000.md	2553	注视注视	duplicate_lost
2751-3000.md	2554	注释注释	duplicate_lost
2751-3000.md	2555	注重	duplicate_lost
2751-3000.md	2556	驻扎驻扎	duplicate_lost
2751-3000.md	2557	著作	duplicate_lost
2751-3000.md	2580	追悼	duplicate_lost
2751-3000.md	2581	追究	duplicate_lost
2751-3000.md	2582	坠壁	duplicate_lost
2751-3000.md	2583	准则则	duplicate_lost
2751-3000.md	2584	卓越	duplicate_lost
2751-3000.md	2585	着手	duplicate_lost
2751-3000.md	2586	着想	duplicate_lost
2751-3000.md	2587	着重	duplicate_lost
2751-3000.md	2588	姿态姿愈	duplicate_lost
2751-3000.md	2589	资本资本	duplicate_lost
2751-3000.md	2590	资产资座	duplicate_lost
2751-3000.md	2591	资深资深	duplicate_lost
2751-3000.md	2592	资助资助	duplicate_lost
2751-3000.md	2593	滋润滋凋	duplicate_lost
2751-3000.md	2594	滋味	duplicate_lost
2751-3000.md	2595	子弹子弹	duplicate_lost
2751-3000.md	2596	自单	duplicate_lost
2751-3000.md	2597	自发自发	duplicate_lost
2751-3000.md	2598	自力更生zill-	duplicate_lost
2751-3000.md	2599	自满自满	duplicate_lost
2751-3000.md	2600	自主	duplicate_lost
2751-3000.md	2601	宇母	duplicate_lost
2751-3000.md	2602	宗教	duplicate_lost
2751-3000.md	2603	宗旨	duplicate_lost
2751-3000.md	2604	棕色	duplicate_lost
2751-3000.md	2605	踪迹	duplicate_lost
2751-3000.md	2606	总而言之总而言之	duplicate_lost
2751-3000.md	2607	总和总和	duplicate_lost
2751-3000.md	2608	纵横继横	duplicate_lost
2751-3000.md	2609	走廊	duplicate_lost
2751-3000.md	2610	走漏	duplicate_lost
2751-3000.md	2614	足以	duplicate_lost
2751-3000.md	2618	祖父	duplicate_lost
2751-3000.md	2619	祖国祖国	duplicate_lost
2751-3000.md	2620	祖先	duplicate_lost
2751-3000.md	2621	钻研馈研	duplicate_lost
2751-3000.md	2622	钻石馈石	duplicate_lost
2751-3000.md	2623	嘴唇	duplicate_lost
2751-3000.md	2624	罪犯	duplicate_lost
2751-3000.md	2625	遵循	duplicate_lost
2751-3000.md	2626	琢磨	duplicate_lost
2751-3000.md	2627	左右	duplicate_lost
2751-3000.md	2628	作弊zuo/	duplicate_lost
2751-3000.md	2629	作废作磨	duplicate_lost
2751-3000.md	2630	作风作风	duplicate_lost
2751-3000.md	2631	作息	duplicate_lost
2751-3000.md	2632	座右铭座右铭	duplicate_lost
2751-3000.md	2633	做东做束zuo//	duplicate_lost
2751-3000.md	2634	做主zuo//	duplicate_lost
2751-3000.md	2635	座右铭座右铭	seq_not_in_master
2751-3000.md	2636	做东做束zuo//	seq_not_in_master
2751-3000.md	2637	做主zuo//	seq_not_in_master
2751-3000.md	2638	座右铭座右铭	seq_not_in_master
2751-3000.md	2639	做东做束zuo//	seq_not_in_master
2751-3000.md	2640	做主zuo//	seq_not_in_master
2751-3000.md	2641	座右铭座右铭	seq_not_in_master
2751-3000.md	2642	做东做束zuo//	seq_not_in_master
2751-3000.md	2643	做主zuo//	seq_not_in_master
2751-3000.md	2644	座右铭座右铭	seq_not_in_master
2751-3000.md	2645	做东做束zuo//	seq_not_in_master
2751-3000.md	2646	做主zuo//	seq_not_in_master
2751-3000.md	2647	座右铭座右铭	seq_not_in_master
2751-3000.md	2648	做东做束zuo//	seq_not_in_master
2751-3000.md	2649	做主zuo//	seq_not_in_master
2751-3000.md	2650	座右铭座右铭	seq_not_in_master
2751-3000.md	2651	做东做束zuo//	seq_not_in_master
2751-3000.md	2652	做主zuo//	seq_not_in_master
2751-3000.md	2653	座右铭座右铭	seq_not_in_master
2751-3000.md	2654	做东做束zuo//	seq_not_in_master
2751-3000.md	2655	做主zuo//	seq_not_in_master
2751-3000.md	2656	座右铭座右铭	seq_not_in_master
2751-3000.md	2657	做东做束zuo//	seq_not_in_master
2751-3000.md	2658	做主zuo//	seq_not_in_master
2751-3000.md	2659	座右铭座右铭	seq_not_in_master
2751-3000.md	2660	做东做束zuo//	seq_not_in_master
2751-3000.md	2661	做主zuo//	seq_not_in_master
2751-3000.md	2662	座右铭座右铭	seq_not_in_master
2751-3000.md	2663	做东做束zuo//	seq_not_in_master
2751-3000.md	2664	做主zuo//	seq_not_in_master
2751-3000.md	2665	座右铭座右铭	seq_not_in_master
2751-3000.md	2761	朝气蓬勃朝气蓬勃zhaoqi-	seq_not_in_master
2751-3000.md	2762	着迷zhdo//	seq_not_in_master
2751-3000.md	2766	照应照感	seq_not_in_master
2751-3000.md	2767	折腾折腾	seq_not_in_master
2751-3000.md	2768	遮挡遮描	seq_not_in_master
2751-3000.md	2776	真挚真挚zhé	seq_not_in_master
2751-3000.md	2777	枕头枕头	seq_not_in_master
2751-3000.md	2778	阵地阵地	seq_not_in_master
2751-3000.md	2779	阵容阵容	seq_not_in_master
2751-3000.md	2780	振奋振套	seq_not_in_master
2751-3000.md	2781	振兴振典	seq_not_in_master
2751-3000.md	2783	震惊震鹭	seq_not_in_master
2751-3000.md	2784	镇定镇定	seq_not_in_master
2751-3000.md	2785	镇静镇静	seq_not_in_master
2751-3000.md	2786	镇压镇	seq_not_in_master
2751-3000.md	2787	争端zhé	seq_not_in_master
2751-3000.md	2788	争夺争	seq_not_in_master
2751-3000.md	2789	争先恐后争先恐后zhengxion-	seq_not_in_master
2751-3000.md	2790	争议争录	seq_not_in_master
2751-3000.md	2816	知觉知觉	seq_not_in_master
2751-3000.md	2817	知足常乐知足常zhizu-	seq_not_in_master
2751-3000.md	2867	周边周遵	seq_not_in_master
2751-3000.md	2871	周转周转	seq_not_in_master
2751-3000.md	2872	昼夜金夜	seq_not_in_master
2751-3000.md	2873	皱纹皱纹	seq_not_in_master
2751-3000.md	2874	诸位诸位	seq_not_in_master
2751-3000.md	2880	主权主摊	seq_not_in_master
2751-3000.md	2881	主题主题	seq_not_in_master
2751-3000.md	2882	主义主羲	seq_not_in_master
2751-3000.md	2883	瞩时嘱时	seq_not_in_master
2751-3000.md	2893	铸造铸造	seq_not_in_master
2751-3000.md	2894	专长专长	seq_not_in_master
2751-3000.md	2895	专程程	seq_not_in_master
2751-3000.md	2896	专科专科	seq_not_in_master
2751-3000.md	2897	专利季利	seq_not_in_master
2751-3000.md	2898	专题专题	seq_not_in_master
2751-3000.md	2899	砖醇	seq_not_in_master
2751-3000.md	2900	砖瓦碑瓦	seq_not_in_master
2751-3000.md	2901	转达转逢	seq_not_in_master
2751-3000.md	2902	转让转	seq_not_in_master
2751-3000.md	2903	转移转移	seq_not_in_master
2751-3000.md	2904	转折搏折	seq_not_in_master
2751-3000.md	2905	传记傅记	seq_not_in_master
2751-3000.md	2906	庄稼庄稼	seq_not_in_master
2751-3000.md	2907	庄严庄严	seq_not_in_master
2751-3000.md	2908	庄重荘重	seq_not_in_master
2751-3000.md	2909	装备装备	seq_not_in_master
2751-3000.md	2910	装卸装卸	seq_not_in_master
2751-3000.md	2911	壮观壮观	seq_not_in_master
2751-3000.md	2912	壮丽壮丽	seq_not_in_master
2751-3000.md	2913	壮烈壮烈	seq_not_in_master
2751-3000.md	2946	租赁租赁	seq_not_in_master
2751-3000.md	2948	阻碍阻z0"	seq_not_in_master
2751-3000.md	2949	阻拦阻搁	seq_not_in_master
2751-3000.md	2950	阻挠阻挽	seq_not_in_master
2751-3000.md	2951	组组	seq_not_in_master
2751-3000.md	2959	尊严尊服	seq_not_in_master
3001-3250.md	2295	英勇	duplicate_lost
3001-3250.md	2296	婴儿(婴兒)	duplicate_lost
3001-3250.md	2298	盈利	duplicate_lost
3001-3250.md	2299	应酬(鹰酬)	duplicate_lost
3001-3250.md	2300	应邀(應邀)	duplicate_lost
3001-3250.md	2301	拥护(摊護)	duplicate_lost
3001-3250.md	2302	拥有(摊有)	duplicate_lost
3001-3250.md	2305	勇于	duplicate_lost
3001-3250.md	2307	踊跃(蹈)	duplicate_lost
3001-3250.md	2309	用户	duplicate_lost
3001-3250.md	2310	优胜劣汰(優勝劣汰)	duplicate_lost
3001-3250.md	2312	优异(優异)	duplicate_lost
3001-3250.md	2313	优越(優越)	duplicate_lost
3001-3250.md	2315	犹如(猫如)	duplicate_lost
3001-3250.md	2316	油腻	duplicate_lost
3001-3250.md	2318	有条不紊(有條不紊)	duplicate_lost
3001-3250.md	2324	舆论(奥谕)	duplicate_lost
3001-3250.md	2325	与日俱增(宾日俱增)	duplicate_lost
3001-3250.md	2328	羽绒服	duplicate_lost
3001-3250.md	2329	玉	duplicate_lost
3001-3250.md	2332	预赛	duplicate_lost
3001-3250.md	2334	预先	duplicate_lost
3001-3250.md	2335	预言	duplicate_lost
3001-3250.md	2337	欲望	duplicate_lost
3001-3250.md	2338	寓言	duplicate_lost
3001-3250.md	2341	元首	duplicate_lost
3001-3250.md	2342	元素	duplicate_lost
3001-3250.md	2343	元宵节(元宵節)	duplicate_lost
3001-3250.md	2344	园林(圜林)	duplicate_lost
3001-3250.md	2349	圆满	duplicate_lost
3001-3250.md	2350	缘故	duplicate_lost
3001-3250.md	2353	乐谱(樂谱)	duplicate_lost
3001-3250.md	2354	岳母	duplicate_lost
3001-3250.md	2356	运算(運算)	duplicate_lost
3001-3250.md	2357	运行(運行)	duplicate_lost
3001-3250.md	2359	蕴藏	duplicate_lost
3001-3250.md	2361	杂技(雜技)	duplicate_lost
3001-3250.md	2362	杂交(雜交)	duplicate_lost
3001-3250.md	2364	咋	duplicate_lost
3001-3250.md	2365	灾难(灾雞)	duplicate_lost
3001-3250.md	2367	宰	duplicate_lost
3001-3250.md	2368	再接再厉(再接再属)	duplicate_lost
3001-3250.md	2370	在意	duplicate_lost
3001-3250.md	2371	揽	duplicate_lost
3001-3250.md	2373	赞叹(赞)	duplicate_lost
3001-3250.md	2375	赞扬(赞揚)	duplicate_lost
3001-3250.md	2379	遭遇	duplicate_lost
3001-3250.md	2380	糟踢	duplicate_lost
3001-3250.md	2382	造型	duplicate_lost
3001-3250.md	2384	责怪(贵怪)	duplicate_lost
3001-3250.md	2385	贼	duplicate_lost
3001-3250.md	2388	扎	duplicate_lost
3001-3250.md	2389	扎实(扎實)	duplicate_lost
3001-3250.md	2390	渣	duplicate_lost
3001-3250.md	2391	诈骗	duplicate_lost
3001-3250.md	2392	摘要	duplicate_lost
3001-3250.md	2396	斩钉截铁(靳截)	duplicate_lost
3001-3250.md	2400	薪新(蕲新)	duplicate_lost
3001-3250.md	2401	占据(占檬)	duplicate_lost
3001-3250.md	2402	占领	duplicate_lost
3001-3250.md	2404	战斗(戟)	duplicate_lost
3001-3250.md	2406	战术(衔)	duplicate_lost
3001-3250.md	2407	战役(戟役)	duplicate_lost
3001-3250.md	2408	章程	duplicate_lost
3001-3250.md	2409	长辈(長辈)	duplicate_lost
3001-3250.md	2410	帐篷	duplicate_lost
3001-3250.md	2413	招收	duplicate_lost
3001-3250.md	2414	朝气蓬勃(朝氣蓬勃)	duplicate_lost
3001-3250.md	2416	沼泽(沼澤)	duplicate_lost
3001-3250.md	2418	照样(照棣)	duplicate_lost
3001-3250.md	2420	照应(照飚)	duplicate_lost
3001-3250.md	2421	折腾	duplicate_lost
3001-3250.md	2422	遮挡(遮)	duplicate_lost
3001-3250.md	2423	折	duplicate_lost
3001-3250.md	2424	折磨	duplicate_lost
3001-3250.md	2425	侦探(慎探)	duplicate_lost
3001-3250.md	2426	珍贵	duplicate_lost
3001-3250.md	2432	酌	duplicate_lost
3001-3250.md	2433	枕头(枕頭)	duplicate_lost
3001-3250.md	2435	阵容(障容)	duplicate_lost
3001-3250.md	2436	振奋(振峦)	duplicate_lost
3001-3250.md	2437	振兴(振舆)	duplicate_lost
3001-3250.md	2439	震惊(震鹭)	duplicate_lost
3001-3250.md	2442	镇压(镇)	duplicate_lost
3001-3250.md	2443	正月	duplicate_lost
3001-3250.md	2445	争夺(争)	duplicate_lost
3001-3250.md	2446	争气(争氟)	duplicate_lost
3001-3250.md	2447	争先恐后(争先恐筱)	duplicate_lost
3001-3250.md	2448	争议(争諾)	duplicate_lost
3001-3250.md	2449	征服	duplicate_lost
3001-3250.md	2450	征收(徽收)	duplicate_lost
3001-3250.md	2452	蒸发(蒸發)	duplicate_lost
3001-3250.md	2453	整顿(整頔)	duplicate_lost
3001-3250.md	2455	正负	duplicate_lost
3001-3250.md	2456	正规	duplicate_lost
3001-3250.md	2457	正经(正經)	duplicate_lost
3001-3250.md	2458	正气(正氣)	duplicate_lost
3001-3250.md	2459	正义(正羲)	duplicate_lost
3001-3250.md	2460	正宗	duplicate_lost
3001-3250.md	2461	证实(宝)	duplicate_lost
3001-3250.md	2462	证书(證書)	duplicate_lost
3001-3250.md	2464	政策	duplicate_lost
3001-3250.md	2465	政权(政)	duplicate_lost
3001-3250.md	2467	之际(之際)	duplicate_lost
3001-3250.md	2468	支撑	duplicate_lost
3001-3250.md	2470	支流	duplicate_lost
3001-3250.md	2473	支柱	duplicate_lost
3001-3250.md	2476	知足常乐(知足常樂)	duplicate_lost
3001-3250.md	2478	执行(轨行)	duplicate_lost
3001-3250.md	2479	执着(熟着)	duplicate_lost
3001-3250.md	2481	直径	duplicate_lost
3001-3250.md	2485	职务(務)	duplicate_lost
3001-3250.md	2487	指标(指標)	duplicate_lost
3001-3250.md	2490	指令	duplicate_lost
3001-3250.md	2491	指南针(指南針)	duplicate_lost
3001-3250.md	2495	志气(志氣)	duplicate_lost
3001-3250.md	2496	制裁	duplicate_lost
3001-3250.md	2497	制订(制)	duplicate_lost
3001-3250.md	2500	制止	duplicate_lost
3001-3250.md	2503	致辞(致辟)	duplicate_lost
3001-3250.md	2504	致力	duplicate_lost
3001-3250.md	2513	忠诚(忠誠)	duplicate_lost
3001-3250.md	2514	忠实(忠宝)	duplicate_lost
3001-3250.md	2515	终点(终點)	duplicate_lost
3001-3250.md	2517	终年	duplicate_lost
3001-3250.md	2518	终身	duplicate_lost
3001-3250.md	2521	肿瘤(睡瘤)	duplicate_lost
3001-3250.md	2522	种子(種子)	duplicate_lost
3001-3250.md	2523	种族(種族)	duplicate_lost
3001-3250.md	2524	众所周知(聚所周知)	duplicate_lost
3001-3250.md	2525	种植(種植)	duplicate_lost
3001-3250.md	2526	重心	duplicate_lost
3001-3250.md	2527	舟	duplicate_lost
3001-3250.md	2533	周转	duplicate_lost
3001-3250.md	2534	粥	duplicate_lost
3001-3250.md	2536	皱纹(皴纹)	duplicate_lost
3001-3250.md	3040	种各样的玉	seq_not_in_master
3001-3250.md	3049	他有强烈的表演欲望。|人在金钱方面的欲望是很难满足的。	seq_not_in_master
3001-3250.md	3123	障码招标招收朝气蓬勃	seq_not_in_master
3001-3250.md	3124	障碍(障)	seq_not_in_master
3001-3250.md	3125	招标(招標)	seq_not_in_master
3001-3250.md	3241	州	seq_not_in_master
3001-3250.md	3242	周边(周遗)	seq_not_in_master
3251-3500.md	2366	栽培	duplicate_lost
3251-3500.md	2369	在乎	duplicate_lost
3251-3500.md	2370	在意	duplicate_lost
3251-3500.md	2372	暂且	duplicate_lost
3251-3500.md	2373	赞叹	duplicate_lost
3251-3500.md	2374	赞同	duplicate_lost
3251-3500.md	2376	赞助	duplicate_lost
3251-3500.md	2377	遭受	duplicate_lost
3251-3500.md	2378	遭殃	duplicate_lost
3251-3500.md	2381	造反	duplicate_lost
3251-3500.md	2383	噪音	duplicate_lost
3251-3500.md	2386	增添	duplicate_lost
3251-3500.md	2387	赠送	duplicate_lost
3251-3500.md	2389	扎实	duplicate_lost
3251-3500.md	2392	摘要	duplicate_lost
3251-3500.md	2393	债券	duplicate_lost
3251-3500.md	2394	沾光	duplicate_lost
3251-3500.md	2395	瞻仰	duplicate_lost
3251-3500.md	2397	展示	duplicate_lost
3251-3500.md	2398	展望	duplicate_lost
3251-3500.md	2399	展现	duplicate_lost
3251-3500.md	2400	蕲新	duplicate_lost
3251-3500.md	2402	占领	duplicate_lost
3251-3500.md	2403	占有	duplicate_lost
3251-3500.md	2404	战斗	duplicate_lost
3251-3500.md	2405	战略	duplicate_lost
3251-3500.md	2406	战术	duplicate_lost
3251-3500.md	2407	战役	duplicate_lost
3251-3500.md	2408	章程	duplicate_lost
3251-3500.md	2410	帐篷	duplicate_lost
3251-3500.md	2411	障碍	duplicate_lost
3251-3500.md	2412	招标	duplicate_lost
3251-3500.md	2413	招收	duplicate_lost
3251-3500.md	2415	着迷	duplicate_lost
3251-3500.md	2417	照料	duplicate_lost
3251-3500.md	2419	照耀	duplicate_lost
3251-3500.md	2421	折腾	duplicate_lost
3251-3500.md	2423	折	duplicate_lost
3251-3500.md	2427	珍稀	duplicate_lost
3251-3500.md	2428	珍珠	duplicate_lost
3251-3500.md	2429	真理	duplicate_lost
3251-3500.md	2430	真相	duplicate_lost
3251-3500.md	2431	真挚	duplicate_lost
3251-3500.md	2432	酌	duplicate_lost
3251-3500.md	2434	阵地	duplicate_lost
3251-3500.md	2438	震撼	duplicate_lost
3251-3500.md	2440	镇定	duplicate_lost
3251-3500.md	2441	镇静	duplicate_lost
3251-3500.md	2444	争端	duplicate_lost
3251-3500.md	2449	征服	duplicate_lost
3251-3500.md	2450	征收	duplicate_lost
3251-3500.md	2451	挣扎	duplicate_lost
3251-3500.md	2452	蒸发	duplicate_lost
3251-3500.md	2454	正当	duplicate_lost
3251-3500.md	2455	正负	duplicate_lost
3251-3500.md	2457	正经	duplicate_lost
3251-3500.md	2460	正宗	duplicate_lost
3251-3500.md	2463	郑重	duplicate_lost
3251-3500.md	2464	政策	duplicate_lost
3251-3500.md	2466	症状	duplicate_lost
3251-3500.md	2469	支出	duplicate_lost
3251-3500.md	2470	支流	duplicate_lost
3251-3500.md	2471	支配	duplicate_lost
3251-3500.md	2472	支援	duplicate_lost
3251-3500.md	2473	支柱	duplicate_lost
3251-3500.md	2474	枝	duplicate_lost
3251-3500.md	2475	知觉	duplicate_lost
3251-3500.md	2477	脂肪	duplicate_lost
3251-3500.md	2480	直播	duplicate_lost
3251-3500.md	2482	值班	duplicate_lost
3251-3500.md	2483	职能	duplicate_lost
3251-3500.md	2484	职位	duplicate_lost
3251-3500.md	2486	殖民地	duplicate_lost
3251-3500.md	2488	指定	duplicate_lost
3251-3500.md	2489	指甲	duplicate_lost
3251-3500.md	2490	指令	duplicate_lost
3251-3500.md	2492	指示	duplicate_lost
3251-3500.md	2493	指望	duplicate_lost
3251-3500.md	2494	指责	duplicate_lost
3251-3500.md	2498	制服	duplicate_lost
3251-3500.md	2499	制约	duplicate_lost
3251-3500.md	2502	治理	duplicate_lost
3251-3500.md	2505	致使	duplicate_lost
3251-3500.md	2506	智力	duplicate_lost
3251-3500.md	2507	智能	duplicate_lost
3251-3500.md	2508	智商	duplicate_lost
3251-3500.md	2509	滞留	duplicate_lost
3251-3500.md	2510	中断	duplicate_lost
3251-3500.md	2511	中立	duplicate_lost
3251-3500.md	2512	中夹	duplicate_lost
3251-3500.md	2516	终究	duplicate_lost
3251-3500.md	2517	终年	duplicate_lost
3251-3500.md	2519	终止	duplicate_lost
3251-3500.md	2520	裹心	duplicate_lost
3251-3500.md	2526	重心	duplicate_lost
3251-3500.md	2529	周密	duplicate_lost
3251-3500.md	2530	周年	duplicate_lost
3251-3500.md	2531	周期	duplicate_lost
3251-3500.md	2532	周折	duplicate_lost
3251-3500.md	2533	周转	duplicate_lost
3251-3500.md	2535	昼夜	duplicate_lost
3251-3500.md	2537	株	duplicate_lost
3251-3500.md	2539	逐年	duplicate_lost
3251-3500.md	2543	主流	duplicate_lost
3251-3500.md	2546	主义	duplicate_lost
3251-3500.md	2549	助理	duplicate_lost
3251-3500.md	2550	助手	duplicate_lost
3251-3500.md	2557	著作	duplicate_lost
3251-3500.md	2559	拽	duplicate_lost
3251-3500.md	2562	专科	duplicate_lost
3251-3500.md	2575	装卸	duplicate_lost
3251-3500.md	2580	追悼	duplicate_lost
3251-3500.md	2584	卓越	duplicate_lost
3251-3500.md	2586	着想	duplicate_lost
3251-3500.md	2588	姿态	duplicate_lost
3251-3500.md	2600	自主	duplicate_lost
3251-3500.md	2601	宇母	duplicate_lost
3251-3500.md	2602	宗教	duplicate_lost
3251-3500.md	2609	走廊	duplicate_lost
3251-3500.md	2610	走漏	duplicate_lost
3251-3500.md	2611	走私	duplicate_lost
3251-3500.md	3277	渣	seq_not_in_master
3251-3500.md	3415	州	seq_not_in_master
3251-3500.md	3461	庄严	seq_not_in_master
3501-3750.md	1720	时差	duplicate_lost
3501-3750.md	1724	时机	duplicate_lost
3501-3750.md	1725	时事	duplicate_lost
3501-3750.md	1727	识别	duplicate_lost
3501-3750.md	1744	事迩	duplicate_lost
3501-3750.md	1757	适宜	duplicate_lost
3501-3750.md	1765	手势	duplicate_lost
3501-3750.md	1766	手艺	duplicate_lost
3501-3750.md	1767	守护	duplicate_lost
3501-3750.md	1768	首饰	duplicate_lost
3501-3750.md	1776	舒畅	duplicate_lost
3501-3750.md	1778	疏远	duplicate_lost
3501-3750.md	1781	束缚	duplicate_lost
3501-3750.md	1784	数额	duplicate_lost
3501-3750.md	1785	数目	duplicate_lost
3501-3750.md	1789	率领	duplicate_lost
3501-3750.md	1790	涮火锅	duplicate_lost
3501-3750.md	1791	只胞胎	duplicate_lost
3501-3750.md	1794	水龙头	duplicate_lost
3501-3750.md	1801	思索	duplicate_lost
3501-3750.md	1807	寺庙	duplicate_lost
3501-3750.md	1808	饲养	duplicate_lost
3501-3750.md	1813	苏醒	duplicate_lost
3501-3750.md	1815	诉讼	duplicate_lost
3501-3750.md	1817	素质	duplicate_lost
3501-3750.md	1820	算数	duplicate_lost
3501-3750.md	1821	随即	duplicate_lost
3501-3750.md	1822	随身	duplicate_lost
3501-3750.md	1824	随意	duplicate_lost
3501-3750.md	1828	索取	duplicate_lost
3501-3750.md	1831	踏实	duplicate_lost
3501-3750.md	1833	础风	duplicate_lost
3501-3750.md	1834	太空	duplicate_lost
3501-3750.md	1835	泰斗	duplicate_lost
3501-3750.md	1841	坦白	duplicate_lost
3501-3750.md	1842	叹气	duplicate_lost
3501-3750.md	1843	采测	duplicate_lost
3501-3750.md	1844	探索	duplicate_lost
3501-3750.md	1853	淘气	duplicate_lost
3501-3750.md	1854	淘汰	duplicate_lost
3501-3750.md	1855	讨好	duplicate_lost
3501-3750.md	1856	计偿还偿	duplicate_lost
3501-3750.md	1857	特长	duplicate_lost
3501-3750.md	1858	特定	duplicate_lost
3501-3750.md	1859	特色	duplicate_lost
3501-3750.md	1860	特意	duplicate_lost
3501-3750.md	1863	提示	duplicate_lost
3501-3750.md	1864	提议	duplicate_lost
3501-3750.md	1865	题材	duplicate_lost
3501-3750.md	1866	礼裁	duplicate_lost
3501-3750.md	1867	篭积	duplicate_lost
3501-3750.md	1868	礼谅	duplicate_lost
3501-3750.md	1869	篭面	duplicate_lost
3501-3750.md	1870	篭系	duplicate_lost
3501-3750.md	1871	天	duplicate_lost
3501-3750.md	1872	天赋	duplicate_lost
3501-3750.md	1873	天伦之乐	duplicate_lost
3501-3750.md	1874	天然气	duplicate_lost
3501-3750.md	1875	天生	duplicate_lost
3501-3750.md	1876	天堂	duplicate_lost
3501-3750.md	1877	天文	duplicate_lost
3501-3750.md	1878	田径	duplicate_lost
3501-3750.md	1882	条款	duplicate_lost
3501-3750.md	1883	条理	duplicate_lost
3501-3750.md	1884	条约	duplicate_lost
3501-3750.md	1888	调解	duplicate_lost
3501-3750.md	1889	调料	duplicate_lost
3501-3750.md	1890	挑播	duplicate_lost
3501-3750.md	1891	挑景	duplicate_lost
3501-3750.md	1892	跳跃	duplicate_lost
3501-3750.md	1894	停泊	duplicate_lost
3501-3750.md	1895	停顿	duplicate_lost
3501-3750.md	1896	停滞	duplicate_lost
3501-3750.md	1897	挺拔	duplicate_lost
3501-3750.md	1899	通缉	duplicate_lost
3501-3750.md	1900	通俗	duplicate_lost
3501-3750.md	1901	通讯	duplicate_lost
3501-3750.md	1902	通用	duplicate_lost
3501-3750.md	1903	同胞	duplicate_lost
3501-3750.md	1906	童话	duplicate_lost
3501-3750.md	1907	统寿兼顾	duplicate_lost
3501-3750.md	1911	投机	duplicate_lost
3501-3750.md	1912	投票	duplicate_lost
3501-3750.md	1913	投诉	duplicate_lost
3501-3750.md	1918	突破	duplicate_lost
3501-3750.md	1920	徒弟	duplicate_lost
3501-3750.md	1921	途经	duplicate_lost
3501-3750.md	1922	涂抹	duplicate_lost
3501-3750.md	1923	土壌	duplicate_lost
3501-3750.md	1925	团体	duplicate_lost
3501-3750.md	1926	团圆	duplicate_lost
3501-3750.md	1927	推测	duplicate_lost
3501-3750.md	1928	推翻	duplicate_lost
3501-3750.md	1929	推理	duplicate_lost
3501-3750.md	1930	推论	duplicate_lost
3501-3750.md	1931	推销	duplicate_lost
3501-3750.md	1932	呑呑吐吐	duplicate_lost
3501-3750.md	1933	托运	duplicate_lost
3501-3750.md	1934	拖延	duplicate_lost
3501-3750.md	1935	脱离	duplicate_lost
3501-3750.md	1936	妥当	duplicate_lost
3501-3750.md	1937	妥善	duplicate_lost
3501-3750.md	1941	娃娃	duplicate_lost
3501-3750.md	1942	瓦解	duplicate_lost
3501-3750.md	1943	凑成	duplicate_lost
3501-3750.md	1944	歪曲	duplicate_lost
3501-3750.md	1946	外行	duplicate_lost
3501-3750.md	1947	外界	duplicate_lost
3501-3750.md	1951	完毕	duplicate_lost
3501-3750.md	1952	玩弄	duplicate_lost
3501-3750.md	1953	玩意	duplicate_lost
3501-3750.md	1954	顽固	duplicate_lost
3501-3750.md	1955	顽掻	duplicate_lost
3501-3750.md	1956	挽回	duplicate_lost
3501-3750.md	1957	挽救	duplicate_lost
3501-3750.md	1959	万分	duplicate_lost
3501-3750.md	1960	网络	duplicate_lost
3501-3750.md	1961	往常	duplicate_lost
3501-3750.md	1962	往事	duplicate_lost
3501-3750.md	1963	妄想	duplicate_lost
3501-3750.md	1964	危机	duplicate_lost
3501-3750.md	1965	威风	duplicate_lost
3501-3750.md	1968	威信	duplicate_lost
3501-3750.md	1969	微不足道	duplicate_lost
3501-3750.md	1970	微観	duplicate_lost
3501-3750.md	1974	维持	duplicate_lost
3501-3750.md	1978	伪造	duplicate_lost
3501-3750.md	1979	委托	duplicate_lost
3501-3750.md	1981	卫星	duplicate_lost
3501-3750.md	1982	未免	duplicate_lost
3501-3750.md	1985	胃口	duplicate_lost
3501-3750.md	1986	喂	duplicate_lost
3501-3750.md	1987	蔚蓝	duplicate_lost
3501-3750.md	1988	慰问	duplicate_lost
3501-3750.md	1989	温帯	duplicate_lost
3501-3750.md	1991	文凭	duplicate_lost
3501-3750.md	1992	文物	duplicate_lost
3501-3750.md	1993	丈厌	duplicate_lost
3501-3750.md	1994	丈雅	duplicate_lost
3501-3750.md	3534	视袋	seq_not_in_master
3501-3750.md	3538	程放	seq_not_in_master
3501-3750.md	3539	收𫔊	seq_not_in_master
3501-3750.md	3609	贫埜	seq_not_in_master
3501-3750.md	3610	贫汚	seq_not_in_master
3501-3750.md	3611	桦	seq_not_in_master
3501-3750.md	3612	弾性	seq_not_in_master
3501-3750.md	3617	采讨	seq_not_in_master
3501-3750.md	3618	借若	seq_not_in_master
3501-3750.md	3619	陶琵	seq_not_in_master
3501-3750.md	3620	陶酔	seq_not_in_master
3501-3750.md	3629	提抜	seq_not_in_master
3501-3750.md	3647	挑易	seq_not_in_master
3501-3750.md	3671	铳治	seq_not_in_master
3501-3750.md	3673	投机取巧	seq_not_in_master
3501-3750.md	3700	妥协	seq_not_in_master
3501-3750.md	3701	楯圆	seq_not_in_master
3501-3750.md	3732	违背	seq_not_in_master
3501-3750.md	3740	位子	seq_not_in_master
3751-4000.md	2385	贼	duplicate_lost
3751-4000.md	2386	增添	duplicate_lost
3751-4000.md	2387	赠送	duplicate_lost
3751-4000.md	2388	扎	duplicate_lost
3751-4000.md	2390	渣	duplicate_lost
3751-4000.md	2391	诈骗	duplicate_lost
3751-4000.md	2392	摘要	duplicate_lost
3751-4000.md	2393	债券	duplicate_lost
3751-4000.md	2394	沾光	duplicate_lost
3751-4000.md	2395	瞻仰	duplicate_lost
3751-4000.md	2396	斩钉截铁	duplicate_lost
3751-4000.md	2397	展示	duplicate_lost
3751-4000.md	2398	展望	duplicate_lost
3751-4000.md	2399	展现	duplicate_lost
3751-4000.md	2400	蕲新	duplicate_lost
3751-4000.md	2401	占据	duplicate_lost
3751-4000.md	2403	占有	duplicate_lost
3751-4000.md	2404	战斗	duplicate_lost
3751-4000.md	2405	战略	duplicate_lost
3751-4000.md	2406	战术	duplicate_lost
3751-4000.md	2407	战役	duplicate_lost
3751-4000.md	2408	章程	duplicate_lost
3751-4000.md	2409	长辈	duplicate_lost
3751-4000.md	2410	帐篷	duplicate_lost
3751-4000.md	2411	障碍	duplicate_lost
3751-4000.md	2413	招收	duplicate_lost
3751-4000.md	2414	朝气蓬勃	duplicate_lost
3751-4000.md	2415	着迷	duplicate_lost
3751-4000.md	2416	沼泽	duplicate_lost
3751-4000.md	2417	照料	duplicate_lost
3751-4000.md	2418	照样	duplicate_lost
3751-4000.md	2419	照耀	duplicate_lost
3751-4000.md	2420	照应	duplicate_lost
3751-4000.md	2422	遮挡	duplicate_lost
3751-4000.md	2424	折磨	duplicate_lost
3751-4000.md	2425	侦探	duplicate_lost
3751-4000.md	2426	珍贵	duplicate_lost
3751-4000.md	2427	珍稀	duplicate_lost
3751-4000.md	2428	珍珠	duplicate_lost
3751-4000.md	2429	真理	duplicate_lost
3751-4000.md	2430	真相	duplicate_lost
3751-4000.md	2431	真挚	duplicate_lost
3751-4000.md	2432	酌	duplicate_lost
3751-4000.md	2433	枕头	duplicate_lost
3751-4000.md	2434	阵地	duplicate_lost
3751-4000.md	2435	阵容	duplicate_lost
3751-4000.md	2436	振奋	duplicate_lost
3751-4000.md	2437	振兴	duplicate_lost
3751-4000.md	2438	震撼	duplicate_lost
3751-4000.md	2439	震惊	duplicate_lost
3751-4000.md	2440	镇定	duplicate_lost
3751-4000.md	2441	镇静	duplicate_lost
3751-4000.md	2442	镇压	duplicate_lost
3751-4000.md	2443	正月	duplicate_lost
3751-4000.md	2444	争端	duplicate_lost
3751-4000.md	2445	争夺	duplicate_lost
3751-4000.md	2446	争气	duplicate_lost
3751-4000.md	2447	争先恐后	duplicate_lost
3751-4000.md	2448	争议	duplicate_lost
3751-4000.md	2449	征服	duplicate_lost
3751-4000.md	2450	征收	duplicate_lost
3751-4000.md	2451	挣扎	duplicate_lost
3751-4000.md	2453	整顿	duplicate_lost
3751-4000.md	2454	正当	duplicate_lost
3751-4000.md	2456	正规	duplicate_lost
3751-4000.md	2458	正气	duplicate_lost
3751-4000.md	2459	正义	duplicate_lost
3751-4000.md	2460	正宗	duplicate_lost
3751-4000.md	2461	证实	duplicate_lost
3751-4000.md	2462	证书	duplicate_lost
3751-4000.md	2463	郑重	duplicate_lost
3751-4000.md	2464	政策	duplicate_lost
3751-4000.md	2465	政权	duplicate_lost
3751-4000.md	2466	症状	duplicate_lost
3751-4000.md	2467	之际	duplicate_lost
3751-4000.md	2468	支撑	duplicate_lost
3751-4000.md	2469	支出	duplicate_lost
3751-4000.md	2470	支流	duplicate_lost
3751-4000.md	2471	支配	duplicate_lost
3751-4000.md	2472	支援	duplicate_lost
3751-4000.md	2473	支柱	duplicate_lost
3751-4000.md	2474	枝	duplicate_lost
3751-4000.md	2475	知觉	duplicate_lost
3751-4000.md	2476	知足常乐	duplicate_lost
3751-4000.md	2477	脂肪	duplicate_lost
3751-4000.md	2478	执行	duplicate_lost
3751-4000.md	2479	执着	duplicate_lost
3751-4000.md	2480	直播	duplicate_lost
3751-4000.md	2481	直径	duplicate_lost
3751-4000.md	2482	值班	duplicate_lost
3751-4000.md	2483	职能	duplicate_lost
3751-4000.md	2484	职位	duplicate_lost
3751-4000.md	2485	职务	duplicate_lost
3751-4000.md	2486	殖民地	duplicate_lost
3751-4000.md	2487	指标	duplicate_lost
3751-4000.md	2488	指定	duplicate_lost
3751-4000.md	2489	指甲	duplicate_lost
3751-4000.md	2491	指南针	duplicate_lost
3751-4000.md	2492	指示	duplicate_lost
3751-4000.md	2493	指望	duplicate_lost
3751-4000.md	2494	指责	duplicate_lost
3751-4000.md	2495	志气	duplicate_lost
3751-4000.md	2496	制裁	duplicate_lost
3751-4000.md	2497	制订	duplicate_lost
3751-4000.md	2498	制服	duplicate_lost
3751-4000.md	2499	制约	duplicate_lost
3751-4000.md	2500	制止	duplicate_lost
3751-4000.md	2501	治安	duplicate_lost
3751-4000.md	2502	治理	duplicate_lost
3751-4000.md	2503	致辞	duplicate_lost
3751-4000.md	2504	致力	duplicate_lost
3751-4000.md	2505	致使	duplicate_lost
3751-4000.md	2506	智力	duplicate_lost
3751-4000.md	2507	智能	duplicate_lost
3751-4000.md	2508	智商	duplicate_lost
3751-4000.md	2509	滞留	duplicate_lost
3751-4000.md	2510	中断	duplicate_lost
3751-4000.md	2511	中立	duplicate_lost
3751-4000.md	2512	中央	duplicate_lost
3751-4000.md	2513	忠诚	duplicate_lost
3751-4000.md	2514	忠实	duplicate_lost
3751-4000.md	2515	终点	duplicate_lost
3751-4000.md	2516	终究	duplicate_lost
3751-4000.md	2519	终止	duplicate_lost
3751-4000.md	2520	裹心	duplicate_lost
3751-4000.md	2521	肿瘤	duplicate_lost
3751-4000.md	2522	种子	duplicate_lost
3751-4000.md	2523	种族	duplicate_lost
3751-4000.md	2524	众所周知	duplicate_lost
3751-4000.md	2525	种植	duplicate_lost
3751-4000.md	2527	舟	duplicate_lost
3751-4000.md	2528	周边	duplicate_lost
3751-4000.md	2529	周密	duplicate_lost
3751-4000.md	2530	周年	duplicate_lost
3751-4000.md	2531	周期	duplicate_lost
3751-4000.md	2532	周折	duplicate_lost
3751-4000.md	2534	粥	duplicate_lost
3751-4000.md	2535	昼夜	duplicate_lost
3751-4000.md	2536	皱纹	duplicate_lost
3751-4000.md	2537	株	duplicate_lost
3751-4000.md	2538	诸位	duplicate_lost
3751-4000.md	2539	逐年	duplicate_lost
3751-4000.md	2540	主办	duplicate_lost
3751-4000.md	2541	主导	duplicate_lost
3751-4000.md	2542	主管	duplicate_lost
3751-4000.md	2543	主流	duplicate_lost
3751-4000.md	2544	主权	duplicate_lost
3751-4000.md	2545	主题	duplicate_lost
3751-4000.md	2547	挂	duplicate_lost
3751-4000.md	2548	属吋	duplicate_lost
3751-4000.md	2549	助理	duplicate_lost
3751-4000.md	2550	助手	duplicate_lost
3751-4000.md	2551	住宅	duplicate_lost
3751-4000.md	2552	注射	duplicate_lost
3751-4000.md	2553	注视	duplicate_lost
3751-4000.md	2554	注释	duplicate_lost
3751-4000.md	2555	注重	duplicate_lost
3751-4000.md	2556	驻扎	duplicate_lost
3751-4000.md	2557	著作	duplicate_lost
3751-4000.md	2558	铸造	duplicate_lost
3751-4000.md	2559	拽	duplicate_lost
3751-4000.md	2560	专长	duplicate_lost
3751-4000.md	2561	专程	duplicate_lost
3751-4000.md	2563	专利	duplicate_lost
3751-4000.md	2564	专题	duplicate_lost
3751-4000.md	2565	砖	duplicate_lost
3751-4000.md	2566	砖瓦	duplicate_lost
3751-4000.md	2567	转达	duplicate_lost
3751-4000.md	2568	转让	duplicate_lost
3751-4000.md	2569	转移	duplicate_lost
3751-4000.md	2570	转折	duplicate_lost
3751-4000.md	2571	传记	duplicate_lost
3751-4000.md	2572	庄稼	duplicate_lost
3751-4000.md	2573	庄重	duplicate_lost
3751-4000.md	2574	装备	duplicate_lost
3751-4000.md	2576	壮观	duplicate_lost
3751-4000.md	2577	壮丽	duplicate_lost
3751-4000.md	2578	壮烈	duplicate_lost
3751-4000.md	2579	幢	duplicate_lost
3751-4000.md	2580	追悼	duplicate_lost
3751-4000.md	2581	追究	duplicate_lost
3751-4000.md	2582	坠	duplicate_lost
3751-4000.md	2583	准则	duplicate_lost
3751-4000.md	2584	卓越	duplicate_lost
3751-4000.md	2585	着手	duplicate_lost
3751-4000.md	2586	着想	duplicate_lost
3751-4000.md	2587	着重	duplicate_lost
3751-4000.md	2590	资产	duplicate_lost
3751-4000.md	2591	资深	duplicate_lost
3751-4000.md	2592	资助	duplicate_lost
3751-4000.md	2593	滋润	duplicate_lost
3751-4000.md	2594	滋味	duplicate_lost
3751-4000.md	2595	子弹	duplicate_lost
3751-4000.md	2596	自单	duplicate_lost
3751-4000.md	2597	自发	duplicate_lost
3751-4000.md	2598	自力更生	duplicate_lost
3751-4000.md	2599	自满	duplicate_lost
3751-4000.md	2600	自主	duplicate_lost
3751-4000.md	2604	棕色	duplicate_lost
3751-4000.md	2605	踪迹	duplicate_lost
3751-4000.md	2606	总而言之	duplicate_lost
3751-4000.md	2607	总和	duplicate_lost
3751-4000.md	2608	纵横	duplicate_lost
3751-4000.md	2609	走廊	duplicate_lost
3751-4000.md	2610	走漏	duplicate_lost
3751-4000.md	2611	走私	duplicate_lost
3751-4000.md	2614	足以	duplicate_lost
3751-4000.md	2623	嘴唇	duplicate_lost
3751-4000.md	2634	做主	duplicate_lost
3751-4000.md	3893	州	seq_not_in_master
3751-4000.md	3939	庄严	seq_not_in_master
3751-4000.md	3982	阻挠	seq_not_in_master
3751-4000.md	3991	尊严	seq_not_in_master
4251-4500.md	2538	诸位(诸位)	duplicate_lost
4251-4500.md	2540	主办(主辨)	duplicate_lost
4251-4500.md	2541	主导(主尊)	duplicate_lost
4251-4500.md	2542	主管	duplicate_lost
4251-4500.md	2544	主权(主槿)	duplicate_lost
4251-4500.md	2545	主题(主题)	duplicate_lost
4251-4500.md	2546	主义(主羲)	duplicate_lost
4251-4500.md	2547	挂	duplicate_lost
4251-4500.md	2548	瞩吋(嚼吋)	duplicate_lost
4251-4500.md	2551	住宅	duplicate_lost
4251-4500.md	2552	注射	duplicate_lost
4251-4500.md	2553	注视(注视)	duplicate_lost
4251-4500.md	2554	注释(注释)	duplicate_lost
4251-4500.md	2555	注重	duplicate_lost
4251-4500.md	2558	铸造(铸造)	duplicate_lost
4251-4500.md	2579	幢	duplicate_lost
4251-4500.md	2581	追究	duplicate_lost
4251-4500.md	2582	坠	duplicate_lost
4251-4500.md	2585	着手	duplicate_lost
4251-4500.md	2587	着重	duplicate_lost
4251-4500.md	2588	姿态(姿熊)	duplicate_lost
4251-4500.md	2589	资本(资本)	duplicate_lost
4251-4500.md	2590	资产(资产)	duplicate_lost
4251-4500.md	2591	资深(资深)	duplicate_lost
4251-4500.md	2592	资助(资助)	duplicate_lost
4251-4500.md	2593	滋润(滋)	duplicate_lost
4251-4500.md	2594	滋味	duplicate_lost
4251-4500.md	2595	子弹(子弹)	duplicate_lost
4251-4500.md	2596	自单	duplicate_lost
4251-4500.md	2597	自发(自發)	duplicate_lost
4251-4500.md	2598	自力更生	duplicate_lost
4251-4500.md	2599	自满(自满)	duplicate_lost
4251-4500.md	2601	字母	duplicate_lost
4251-4500.md	2602	宗教	duplicate_lost
4251-4500.md	2604	棕色	duplicate_lost
4251-4500.md	2605	踪迹	duplicate_lost
4251-4500.md	2606	总而言之(總而言之)	duplicate_lost
4251-4500.md	2607	总和(總和)	duplicate_lost
4251-4500.md	2608	纵横(綫横)	duplicate_lost
4251-4500.md	2611	走私	duplicate_lost
4251-4500.md	2612	揍	duplicate_lost
4251-4500.md	2613	租赁(租赁)	duplicate_lost
4251-4500.md	2618	祖父	duplicate_lost
4251-4500.md	2619	祖国(祖國)	duplicate_lost
4251-4500.md	2620	祖先	duplicate_lost
4251-4500.md	2621	钻研(鎖研)	duplicate_lost
4251-4500.md	2622	钻石(鎖石)	duplicate_lost
4251-4500.md	2624	罪犯	duplicate_lost
4251-4500.md	2625	遵循	duplicate_lost
4251-4500.md	2626	琢磨	duplicate_lost
4251-4500.md	2627	左右	duplicate_lost
4251-4500.md	2629	作废(作廣)	duplicate_lost
4251-4500.md	2630	作风(作風)	duplicate_lost
4251-4500.md	2631	作息	duplicate_lost
4251-4500.md	2632	座右铭(座右銘)	duplicate_lost
4251-4500.md	2633	做东(做東)	duplicate_lost
4251-4500.md	4269	驻扎(驻扎)	seq_not_in_master
4251-4500.md	4270	①那里驻扎着一个师的兵力。|②他命令队伍全部驻扎在山上。	seq_not_in_master
4251-4500.md	4274	专长(専長)	seq_not_in_master
4251-4500.md	4275	专程(専程)	seq_not_in_master
4251-4500.md	4276	专科(專科)	seq_not_in_master
4251-4500.md	4277	专利(專利)	seq_not_in_master
4251-4500.md	4278	专题(専题)	seq_not_in_master
4251-4500.md	4279	砖(醇)	seq_not_in_master
4251-4500.md	4280	砖瓦(醇瓦)	seq_not_in_master
4251-4500.md	4281	转达(韩達)	seq_not_in_master
4251-4500.md	4282	转让(转镶)	seq_not_in_master
4251-4500.md	4283	转移(韩移)	seq_not_in_master
4251-4500.md	4284	转折(韩折)	seq_not_in_master
4251-4500.md	4285	传记(傅记)	seq_not_in_master
4251-4500.md	4286	庄稼(莊稼)	seq_not_in_master
4251-4500.md	4287	庄严(荘殿)	seq_not_in_master
4251-4500.md	4288	庄重(荘重)	seq_not_in_master
4251-4500.md	4289	装备(装備)	seq_not_in_master
4251-4500.md	4290	装卸(装卸)	seq_not_in_master
4251-4500.md	4291	壮观(壮觀)	seq_not_in_master
4251-4500.md	4292	壮丽(壮麗)	seq_not_in_master
4251-4500.md	4293	壮烈(壮烈)	seq_not_in_master
4251-4500.md	4298	③飞行员打开降落伞，从空中慢慢坠下。	seq_not_in_master
4251-4500.md	4299	准则(萍则)	seq_not_in_master
4251-4500.md	4331	阻碍(阻凝)	seq_not_in_master
4251-4500.md	4332	阻拦(阻搁)	seq_not_in_master
4251-4500.md	4333	阻(阻桡)	seq_not_in_master
4251-4500.md	4334	组(组)	seq_not_in_master
4251-4500.md	4342	尊严(尊殿)	seq_not_in_master
